<?xml version="1.0" encoding="UTF-8"?>
<project-private xmlns="http://www.netbeans.org/ns/project-private/1">
    <editor-bookmarks xmlns="http://www.netbeans.org/ns/editor-bookmarks/2" lastBookmarkId="0"/>
    <open-files xmlns="http://www.netbeans.org/ns/projectui-open-files/2">
        <group>
            <file>file:/D:/Suraj/New%20folder/ClickBus/web/User/List.jsp</file>
            <file>file:/D:/Suraj/New%20folder/ClickBus/web/User/Slot.jsp</file>
            <file>file:/D:/Suraj/New%20folder/ClickBus/web/Assets/AjaxPages/AjaxSlot.jsp</file>
            <file>file:/D:/Suraj/New%20folder/ClickBus/web/Assets/AjaxPages/AjaxSlotAvail.jsp</file>
        </group>
    </open-files>
</project-private>
